<?xml version="1.0" encoding="utf-8" ?>
<dwsync>
<file name="20150923_161153-crop-u3016.jpg" server="ftp.maxwellanderson.com.br//public_html/" local="130879225244125664" remote="130879173600000000" Dst="1" />
<file name="20141105_155040.gif" server="ftp.maxwellanderson.com.br//public_html/" local="130869679083229237" remote="130879173600000000" Dst="1" />
<file name="20150923_161404-crop-u3150.jpg" server="ftp.maxwellanderson.com.br//public_html/" local="130879225244146037" remote="130879173600000000" Dst="1" />
<file name="20150923_161708-crop-u3180.jpg" server="ftp.maxwellanderson.com.br//public_html/" local="130879225244297726" remote="130879173600000000" Dst="1" />
<file name="20150923_161748-crop-u3244.jpg" server="ftp.maxwellanderson.com.br//public_html/" local="130879225244377749" remote="130879173600000000" Dst="1" />
<file name="20150923_161808-crop-u3225.jpg" server="ftp.maxwellanderson.com.br//public_html/" local="130879225244105619" remote="130879173600000000" Dst="1" />
<file name="20150923_162100-crop-u3262.jpg" server="ftp.maxwellanderson.com.br//public_html/" local="130879225244867709" remote="130879173600000000" Dst="1" />
<file name="20150923_162100.jpg" server="ftp.maxwellanderson.com.br//public_html/" local="130879225244427729" remote="130879173600000000" Dst="1" />
<file name="20150923_163407-crop-u3274.jpg" server="ftp.maxwellanderson.com.br//public_html/" local="130879225244467723" remote="130879173600000000" Dst="1" />
<file name="20150923_163415-crop-u2960.jpg" server="ftp.maxwellanderson.com.br//public_html/" local="130879225244085622" remote="130879174200000000" Dst="1" />
<file name="20150923_163415-crop-u3287.jpg" server="ftp.maxwellanderson.com.br//public_html/" local="130879225244497732" remote="130879174200000000" Dst="1" />
<file name="20150923_202512-crop-u3302.jpg" server="ftp.maxwellanderson.com.br//public_html/" local="130879225244527728" remote="130879174200000000" Dst="1" />
<file name="algoritmos.gif" server="ftp.maxwellanderson.com.br//public_html/" local="130869679083602699" remote="130879174200000000" Dst="1" />
<file name="arrowmenudown.gif" server="ftp.maxwellanderson.com.br//public_html/" local="130869679081929232" remote="130879174200000000" Dst="1" />
<file name="arrowmenuright.gif" server="ftp.maxwellanderson.com.br//public_html/" local="130869679081899245" remote="130879174200000000" Dst="1" />
<file name="blank.gif" server="ftp.maxwellanderson.com.br//public_html/" local="130869679082019279" remote="130879174200000000" Dst="1" />
<file name="cnpq68x45.jpg" server="ftp.maxwellanderson.com.br//public_html/" local="130869679082469244" remote="130879174200000000" Dst="1" />
<file name="background.jpg" server="ftp.maxwellanderson.com.br//public_html/" local="130869679081869245" remote="130879174200000000" Dst="1" />
<file name="cnpq.jpg" server="ftp.maxwellanderson.com.br//public_html/" local="130869679082109249" remote="130879174200000000" Dst="1" />
<file name="dsc_000168x45.jpg" server="ftp.maxwellanderson.com.br//public_html/" local="130869679083302695" remote="130879174200000000" Dst="1" />
<file name="dsc_0001.jpg" server="ftp.maxwellanderson.com.br//public_html/" local="130869679082959259" remote="130879174200000000" Dst="1" />
<file name="dsc_0002 (2)68x45.jpg" server="ftp.maxwellanderson.com.br//public_html/" local="130869679083322684" remote="130879174200000000" Dst="1" />
<file name="dsc_0002 (2).jpg" server="ftp.maxwellanderson.com.br//public_html/" local="130869679082979222" remote="130879174200000000" Dst="1" />
<file name="dsc_0003 (2)68x45.jpg" server="ftp.maxwellanderson.com.br//public_html/" local="130869679083347693" remote="130879174200000000" Dst="1" />
<file name="dsc_0003 (2).jpg" server="ftp.maxwellanderson.com.br//public_html/" local="130869679083009234" remote="130879174200000000" Dst="1" />
<file name="dsc_0004 (2)68x45.jpg" server="ftp.maxwellanderson.com.br//public_html/" local="130869679083367694" remote="130879174200000000" Dst="1" />
<file name="dsc_0004 (2).jpg" server="ftp.maxwellanderson.com.br//public_html/" local="130869679083029236" remote="130879174200000000" Dst="1" />
<file name="dsc_000968x45.jpg" server="ftp.maxwellanderson.com.br//public_html/" local="130869679083387691" remote="130879174200000000" Dst="1" />
<file name="dsc_0009.jpg" server="ftp.maxwellanderson.com.br//public_html/" local="130869679083049229" remote="130879174200000000" Dst="1" />
<file name="dsc_001068x45.jpg" server="ftp.maxwellanderson.com.br//public_html/" local="130869679083407676" remote="130879174200000000" Dst="1" />
<file name="dsc_001968x45.jpg" server="ftp.maxwellanderson.com.br//public_html/" local="130869679083427686" remote="130879174200000000" Dst="1" />
<file name="dsc_0010.jpg" server="ftp.maxwellanderson.com.br//public_html/" local="130869679083069226" remote="130879174200000000" Dst="1" />
<file name="dsc_0019.jpg" server="ftp.maxwellanderson.com.br//public_html/" local="130869679083099234" remote="130879174200000000" Dst="1" />
<file name="dsc_003368x45.jpg" server="ftp.maxwellanderson.com.br//public_html/" local="130869679083457694" remote="130879174200000000" Dst="1" />
<file name="dsc_0033.jpg" server="ftp.maxwellanderson.com.br//public_html/" local="130869679083119244" remote="130879174200000000" Dst="1" />
<file name="dsc_003468x45.jpg" server="ftp.maxwellanderson.com.br//public_html/" local="130869679083477700" remote="130879174200000000" Dst="1" />
<file name="dsc_0034.jpg" server="ftp.maxwellanderson.com.br//public_html/" local="130869679083139258" remote="130879174200000000" Dst="1" />
<file name="dsc_003568x45.jpg" server="ftp.maxwellanderson.com.br//public_html/" local="130869679083497688" remote="130879174200000000" Dst="1" />
<file name="dsc_0035.jpg" server="ftp.maxwellanderson.com.br//public_html/" local="130869679083169233" remote="130879174200000000" Dst="1" />
<file name="dsc_006468x45.jpg" server="ftp.maxwellanderson.com.br//public_html/" local="130869679083517686" remote="130879174200000000" Dst="1" />
<file name="dsc_0064.jpg" server="ftp.maxwellanderson.com.br//public_html/" local="130869753906454850" remote="130879174200000000" Dst="1" />
<file name="dsc_006568x45.jpg" server="ftp.maxwellanderson.com.br//public_html/" local="130869679083542742" remote="130879174200000000" Dst="1" />
<file name="dsc_0065.jpg" server="ftp.maxwellanderson.com.br//public_html/" local="130869679083209244" remote="130879174200000000" Dst="1" />
<file name="expotec-crop-u1497.jpg" server="ftp.maxwellanderson.com.br//public_html/" local="130869679081969247" remote="130879174200000000" Dst="1" />
<file name="expotec-crop-u1500.jpg" server="ftp.maxwellanderson.com.br//public_html/" local="130869679082379270" remote="130879174200000000" Dst="1" />
<file name="expotec-crop-u2421.jpg" server="ftp.maxwellanderson.com.br//public_html/" local="130869679083557718" remote="130879174200000000" Dst="1" />
<file name="expotec-crop-u2387.jpg" server="ftp.maxwellanderson.com.br//public_html/" local="130869679083249243" remote="130879174200000000" Dst="1" />
<file name="intelicar01-crop-u1285.jpg" server="ftp.maxwellanderson.com.br//public_html/" local="130869679082239234" remote="130879174200000000" Dst="1" />
<file name="intelicar01-crop-u1288.jpg" server="ftp.maxwellanderson.com.br//public_html/" local="130869679082659302" remote="130879174200000000" Dst="1" />
<file name="intelicar01-crop-u2423.jpg" server="ftp.maxwellanderson.com.br//public_html/" local="130869679083582693" remote="130879174800000000" Dst="1" />
<file name="intelicar01477x268.jpg" server="ftp.maxwellanderson.com.br//public_html/" local="130869679082919247" remote="130879174800000000" Dst="1" />
<file name="jecit01-crop-u1315.jpg" server="ftp.maxwellanderson.com.br//public_html/" local="130869679082169231" remote="130879174800000000" Dst="1" />
<file name="intelicar01.jpg" server="ftp.maxwellanderson.com.br//public_html/" local="130869753906454850" remote="130879174800000000" Dst="1" />
<file name="jecit0160x49.jpg" server="ftp.maxwellanderson.com.br//public_html/" local="130869679082559244" remote="130879174800000000" Dst="1" />
<file name="loading.gif" server="ftp.maxwellanderson.com.br//public_html/" local="130869679082859252" remote="130879174800000000" Dst="1" />
<file name="jecit0274x45.jpg" server="ftp.maxwellanderson.com.br//public_html/" local="130869679082629272" remote="130879174800000000" Dst="1" />
<file name="lp_slide01-scratch_ciencia_computacao-u2140.png" server="ftp.maxwellanderson.com.br//public_html/" local="130869679083652696" remote="130879174800000000" Dst="1" />
<file name="jecit02.jpg" server="ftp.maxwellanderson.com.br//public_html/" local="130869679082209234" remote="130879174800000000" Dst="1" />
<file name="melhores (1)-crop-u3317.jpg" server="ftp.maxwellanderson.com.br//public_html/" local="130879225244567722" remote="130879174800000000" Dst="1" />
<file name="palestra60x45.jpg" server="ftp.maxwellanderson.com.br//public_html/" local="130869679082589244" remote="130879174800000000" Dst="1" />
<file name="palestra.jpg" server="ftp.maxwellanderson.com.br//public_html/" local="130869679082189216" remote="130879174800000000" Dst="1" />
<file name="pena no livro.jpg" server="ftp.maxwellanderson.com.br//public_html/" local="130879225244267701" remote="130879174800000000" Dst="1" />
<file name="picui01-crop-u1407.jpg" server="ftp.maxwellanderson.com.br//public_html/" local="130869679082819240" remote="130879174800000000" Dst="1" />
<file name="picui01-crop-u1404.jpg" server="ftp.maxwellanderson.com.br//public_html/" local="130869679082339297" remote="130879174800000000" Dst="1" />
<file name="pimp63x45.jpg" server="ftp.maxwellanderson.com.br//public_html/" local="130869679082429250" remote="130879174800000000" Dst="1" />
<file name="pimp.jpg" server="ftp.maxwellanderson.com.br//public_html/" local="130869679082079262" remote="130879174800000000" Dst="1" />
<file name="reuniao60x45.jpg" server="ftp.maxwellanderson.com.br//public_html/" local="130869679082789296" remote="130879174800000000" Dst="1" />
<file name="reuniao.jpg" server="ftp.maxwellanderson.com.br//public_html/" local="130869679082319261" remote="130879174800000000" Dst="1" />
<file name="scratch_ciencia_computacao-scratch_ciencia_computacao-u2119.png" server="ftp.maxwellanderson.com.br//public_html/" local="130869679083632690" remote="130879175400000000" Dst="1" />
<file name="simulapro.jpg" server="ftp.maxwellanderson.com.br//public_html/" local="130869679082049244" remote="130879175400000000" Dst="1" />
<file name="simulapro61x45.jpg" server="ftp.maxwellanderson.com.br//public_html/" local="130869679082399267" remote="130879175400000000" Dst="1" />
<file name="uniao01-crop-u1360.jpg" server="ftp.maxwellanderson.com.br//public_html/" local="130869679082259240" remote="130879175400000000" Dst="1" />
<file name="uniao01-crop-u1363.jpg" server="ftp.maxwellanderson.com.br//public_html/" local="130869679082689255" remote="130879175400000000" Dst="1" />
<file name="uniao0260x48.jpg" server="ftp.maxwellanderson.com.br//public_html/" local="130869679082729258" remote="130879175400000000" Dst="1" />
<file name="uniao02.jpg" server="ftp.maxwellanderson.com.br//public_html/" local="130869679082289257" remote="130879175400000000" Dst="1" />
<file name="universoif02.jpg" server="ftp.maxwellanderson.com.br//public_html/" local="130869679082149243" remote="130879175400000000" Dst="1" />
<file name="universoif0268x45.jpg" server="ftp.maxwellanderson.com.br//public_html/" local="130869679082529235" remote="130879175400000000" Dst="1" />
<file name="universoif0366x45.jpg" server="ftp.maxwellanderson.com.br//public_html/" local="130869679082509251" remote="130879175400000000" Dst="1" />
<file name="universoif03.jpg" server="ftp.maxwellanderson.com.br//public_html/" local="130869679082129233" remote="130879175400000000" Dst="1" />
<file name="banco-de-dados.gif" server="ftp.maxwellanderson.com.br//public_html/" local="130894737679168810" remote="130894668600000000" Dst="1" />
</dwsync>