<?xml version="1.0" encoding="utf-8" ?>
<dwsync>
<file name="apendicec.xlsx" server="ftp.maxwellanderson.com.br//public_html/" local="129142744500000000" remote="130879176000000000" Dst="1" />
<file name="apendicea.pdf" server="ftp.maxwellanderson.com.br//public_html/" local="129608374590000000" remote="130879176000000000" Dst="1" />
<file name="apendicee.xlsx" server="ftp.maxwellanderson.com.br//public_html/" local="129142859220000000" remote="130879176000000000" Dst="1" />
<file name="apendiceb.pdf" server="ftp.maxwellanderson.com.br//public_html/" local="129608374880000000" remote="130879176000000000" Dst="1" />
<file name="apendiceg.xlsx" server="ftp.maxwellanderson.com.br//public_html/" local="129087738150000000" remote="130879176000000000" Dst="1" />
<file name="apendiceh.xlsx" server="ftp.maxwellanderson.com.br//public_html/" local="129087738200000000" remote="130879176000000000" Dst="1" />
<file name="apendiced1.pdf" server="ftp.maxwellanderson.com.br//public_html/" local="129608375940000000" remote="130879176000000000" Dst="1" />
<file name="apendicei.pdf" server="ftp.maxwellanderson.com.br//public_html/" local="129608377600000000" remote="130879176600000000" Dst="1" />
<file name="apendicej.pdf" server="ftp.maxwellanderson.com.br//public_html/" local="129608378060000000" remote="130879176600000000" Dst="1" />
<file name="apendicef.pdf" server="ftp.maxwellanderson.com.br//public_html/" local="129608376310000000" remote="130879176600000000" Dst="1" />
<file name="apendicek3.xlsx" server="ftp.maxwellanderson.com.br//public_html/" local="129148839160000000" remote="130879176600000000" Dst="1" />
<file name="apendicek2.twd" server="ftp.maxwellanderson.com.br//public_html/" local="129089445560000000" remote="130879176600000000" Dst="1" />
<file name="apendicek1.mpp" server="ftp.maxwellanderson.com.br//public_html/" local="129148839720000000" remote="130879176600000000" Dst="1" />
<file name="apendicem.xlsx" server="ftp.maxwellanderson.com.br//public_html/" local="129660875570000000" remote="130879176600000000" Dst="1" />
<file name="apendicen.pdf" server="ftp.maxwellanderson.com.br//public_html/" local="129608378300000000" remote="130879177200000000" Dst="1" />
<file name="apendicel2.pdf" server="ftp.maxwellanderson.com.br//public_html/" local="129148857850000000" remote="130879177200000000" Dst="1" />
<file name="apendicep.pdf" server="ftp.maxwellanderson.com.br//public_html/" local="129608379050000000" remote="130879177800000000" Dst="1" />
<file name="apendiceo.pdf" server="ftp.maxwellanderson.com.br//public_html/" local="129608378850000000" remote="130879177800000000" Dst="1" />
<file name="apendicer.xlsx" server="ftp.maxwellanderson.com.br//public_html/" local="129660876600000000" remote="130879177800000000" Dst="1" />
<file name="apendiceq.pdf" server="ftp.maxwellanderson.com.br//public_html/" local="129608379310000000" remote="130879177800000000" Dst="1" />
<file name="politica.pdf" server="ftp.maxwellanderson.com.br//public_html/" local="129608378560000000" remote="130879178400000000" Dst="1" />
<file name="problema.twd" server="ftp.maxwellanderson.com.br//public_html/" local="129083057310000000" remote="130879178400000000" Dst="1" />
<file name="Dados do cubo Uso da Tarefa.cub" server="ftp.maxwellanderson.com.br//public_html/" local="129108309270000000" remote="130879179600000000" Dst="1" />
<file name="apendicel1.mpp" server="ftp.maxwellanderson.com.br//public_html/" local="129169657170000000" remote="130879180200000000" Dst="1" />
</dwsync>