<?xml version="1.0" encoding="utf-8" ?>
<dwsync>
<file name="algor_tmos-e-programa__o.css" server="ftp.maxwellanderson.com.br//public_html/" local="130894737680168821" remote="130894668600000000" Dst="1" />
<file name="index.css" server="ftp.maxwellanderson.com.br//public_html/" local="130894737679888810" remote="130894668600000000" Dst="1" />
<file name="engenharia-de-software.css" server="ftp.maxwellanderson.com.br//public_html/" local="130894737680358819" remote="130894668600000000" Dst="1" />
<file name="master_interno.css" server="ftp.maxwellanderson.com.br//public_html/" local="130894737679648823" remote="130894668600000000" Dst="1" />
<file name="intellicar.css" server="ftp.maxwellanderson.com.br//public_html/" local="130894737679988817" remote="130894668600000000" Dst="1" />
<file name="master_master.css" server="ftp.maxwellanderson.com.br//public_html/" local="130869679084042691" remote="130879173600000000" Dst="1" />
<file name="site_global.css" server="ftp.maxwellanderson.com.br//public_html/" local="130894737679518811" remote="130894668600000000" Dst="1" />
<file name="banco-de-dados.css" server="ftp.maxwellanderson.com.br//public_html/" local="130894737680458857" remote="130894668600000000" Dst="1" />
</dwsync>