<?xml version="1.0" encoding="utf-8" ?>
<dwsync>
<file name="html5shiv.js" server="ftp.maxwellanderson.com.br//public_html/" local="130869679083947692" remote="130879178400000000" Dst="1" />
<file name="jquery-1.8.3.min.js" server="ftp.maxwellanderson.com.br//public_html/" local="130869679083682687" remote="130879179000000000" Dst="1" />
<file name="jquery.musemenu.js" server="ftp.maxwellanderson.com.br//public_html/" local="130869679083837733" remote="130879179000000000" Dst="1" />
<file name="jquery.museoverlay.js" server="ftp.maxwellanderson.com.br//public_html/" local="130869679083902707" remote="130879179000000000" Dst="1" />
<file name="jquery.musepolyfill.bgsize.js" server="ftp.maxwellanderson.com.br//public_html/" local="130869679083722690" remote="130879179000000000" Dst="1" />
<file name="jquery.scrolleffects.js" server="ftp.maxwellanderson.com.br//public_html/" local="130869679083747717" remote="130879179000000000" Dst="1" />
<file name="jquery.watch.js" server="ftp.maxwellanderson.com.br//public_html/" local="130869679083772704" remote="130879179600000000" Dst="1" />
<file name="museutils.js" server="ftp.maxwellanderson.com.br//public_html/" local="130869679083702689" remote="130879179600000000" Dst="1" />
<file name="musewpslideshow.js" server="ftp.maxwellanderson.com.br//public_html/" local="130869679083872690" remote="130879179600000000" Dst="1" />
<file name="pie.js" server="ftp.maxwellanderson.com.br//public_html/" local="130869679083812703" remote="130879179600000000" Dst="1" />
<file name="touchswipe.js" server="ftp.maxwellanderson.com.br//public_html/" local="130869679083922691" remote="130879179600000000" Dst="1" />
<file name="webpro.js" server="ftp.maxwellanderson.com.br//public_html/" local="130869679083857696" remote="130879180200000000" Dst="1" />
</dwsync>